ExperimentIndex;SampleIndex;ToolIndex;MillingToolType;ADOC [mm];RDOC [mm];HardnessMean [HRC];CycleToFailure;CycleToFailureNormalized;ToolHolderLength [mm];ToolRotation [rpm];FeedRate [mm/min];ToolDiameter [mm]
P002_F01_C1;2;2;1;5;8;36,67;49;1;80;3200;640;10
P002_F01_C2;2;2;1;5;8;36,67;48;0,979591837;80;3200;640;10
P002_F01_C3;2;2;1;5;8;36,67;47;0,959183673;80;3200;640;10
P002_F01_C4;2;2;1;5;8;36,67;46;0,93877551;80;3200;640;10
P002_F02_C1;2;2;1;5;8;36,67;45;0,918367347;80;3200;640;10
P002_F02_C2;2;2;1;5;8;36,67;44;0,897959184;80;3200;640;10
P002_F02_C3;2;2;1;5;8;36,67;43;0,87755102;80;3200;640;10
P002_F02_C4;2;2;1;5;8;36,67;42;0,857142857;80;3200;640;10
P002_F03_C1;2;2;1;5;8;36,67;41;0,836734694;80;3200;640;10
P002_F03_C2;2;2;1;5;8;36,67;40;0,816326531;80;3200;640;10
P002_F03_C3;2;2;1;5;8;36,67;39;0,795918367;80;3200;640;10
P002_F03_C4;2;2;1;5;8;36,67;38;0,775510204;80;3200;640;10
P002_F04_C1;2;2;1;5;8;36,67;37;0,755102041;80;3200;640;10
P002_F04_C2;2;2;1;5;8;36,67;36;0,734693878;80;3200;640;10
P002_F04_C3;2;2;1;5;8;36,67;35;0,714285714;80;3200;640;10
P002_F04_C4;2;2;1;5;8;36,67;34;0,693877551;80;3200;640;10
P002_F05_C1;2;2;1;5;8;36,67;33;0,673469388;80;3200;640;10
P002_F05_C2;2;2;1;5;8;36,67;32;0,653061224;80;3200;640;10
P002_F05_C3;2;2;1;5;8;36,67;31;0,632653061;80;3200;640;10
P002_F06_C1;2;2;1;5;8;36,67;29;0,591836735;80;3200;640;10
P002_F06_C2;2;2;1;5;8;36,67;28;0,571428571;80;3200;640;10
P002_F06_C3;2;2;1;5;8;36,67;27;0,551020408;80;3200;640;10
P002_F06_C4;2;2;1;5;8;36,67;26;0,530612245;80;3200;640;10
P002_F07_C1;2;2;1;5;8;36,67;25;0,510204082;80;3200;640;10
P002_F07_C2;2;2;1;5;8;36,67;24;0,489795918;80;3200;640;10
P002_F07_C3;2;2;1;5;8;36,67;23;0,469387755;80;3200;640;10
P002_F07_C4;2;2;1;5;8;36,67;22;0,448979592;80;3200;640;10
P002_F08_C1;2;2;1;5;8;36,67;21;0,428571429;80;3200;640;10
P002_F08_C2;2;2;1;5;8;36,67;20;0,408163265;80;3200;640;10
P002_F08_C3;2;2;1;5;8;36,67;19;0,387755102;80;3200;640;10
P002_F09_C1;2;2;1;5;8;36,67;16;0,326530612;80;3200;640;10
P002_F09_C2;2;2;1;5;8;36,67;16;0,326530612;80;3200;640;10
P002_F09_C3;2;2;1;5;8;36,67;15;0,306122449;80;3200;640;10
P002_F09_C4;2;2;1;5;8;36,67;14;0,285714286;80;3200;640;10
P002_F10_C1;2;2;1;5;8;36,67;13;0,265306122;80;3200;640;10
P002_F10_C2;2;2;1;5;8;36,67;12;0,244897959;80;3200;640;10
P002_F10_C3;2;2;1;5;8;36,67;11;0,224489796;80;3200;640;10
P002_F10_C4;2;2;1;5;8;36,67;10;0,204081633;80;3200;640;10
P002_F11_C1;2;2;1;5;8;36,67;9;0,183673469;80;3200;640;10
P002_F11_C2;2;2;1;5;8;36,67;8;0,163265306;80;3200;640;10
P002_F11_C3;2;2;1;5;8;36,67;7;0,142857143;80;3200;640;10
P002_F11_C4;2;2;1;5;8;36,67;6;0,12244898;80;3200;640;10
P002_F12_C1;2;2;1;5;8;36,67;5;0,102040816;80;3200;640;10
P002_F12_C2;2;2;1;5;8;36,67;4;0,081632653;80;3200;640;10
P002_F12_C3;2;2;1;5;8;36,67;3;0,06122449;80;3200;640;10
P002_F12_C4;2;2;1;5;8;36,67;2;0,040816327;80;3200;640;10
P003_F01_C1;3;3;1;10;8;40;49;1;80;3200;640;10
P003_F01_C2;3;3;1;10;8;40;48;0,979591837;80;3200;640;10
P003_F01_C3;3;3;1;10;8;40;47;0,959183673;80;3200;640;10
P003_F01_C4;3;3;1;10;8;40;46;0,93877551;80;3200;640;10
P003_F02_C2;3;3;1;10;8;40;44;0,897959184;80;3200;640;10
P003_F02_C3;3;3;1;10;8;40;43;0,87755102;80;3200;640;10
P003_F02_C4;3;3;1;10;8;40;42;0,857142857;80;3200;640;10
P003_F03_C2;3;3;1;10;8;40;40;0,816326531;80;3200;640;10
P003_F03_C3;3;3;1;10;8;40;39;0,795918367;80;3200;640;10
P003_F04_C1;3;3;1;10;8;40;37;0,755102041;80;3200;640;10
P003_F04_C2;3;3;1;10;8;40;36;0,734693878;80;3200;640;10
P003_F04_C3;3;3;1;10;8;40;35;0,714285714;80;3200;640;10
P003_F04_C4;3;3;1;10;8;40;34;0,693877551;80;3200;640;10
P003_F05_C1;3;3;1;10;8;40;33;0,673469388;80;3200;640;10
P003_F05_C2;3;3;1;10;8;40;32;0,653061224;80;3200;640;10
P003_F05_C3;3;3;1;10;8;40;31;0,632653061;80;3200;640;10
P003_F05_C4;3;3;1;10;8;40;30;0,612244898;80;3200;640;10
P003_F06_C1;3;3;1;10;8;40;29;0,591836735;80;3200;640;10
P003_F06_C2;3;3;1;10;8;40;28;0,571428571;80;3200;640;10
P003_F06_C3;3;3;1;10;8;40;27;0,551020408;80;3200;640;10
P003_F06_C4;3;3;1;10;8;40;26;0,530612245;80;3200;640;10
P004_F01_C1;3;3;1;10;8;39,33;25;0,510204082;80;3200;640;10
P004_F01_C2;3;3;1;10;8;39,33;24;0,489795918;80;3200;640;10
P004_F01_C3;3;3;1;10;8;39,33;23;0,469387755;80;3200;640;10
P004_F01_C4;3;3;1;10;8;39,33;22;0,448979592;80;3200;640;10
P004_F02_C1;3;3;1;10;8;39,33;21;0,428571429;80;3200;640;10
P004_F02_C2;3;3;1;10;8;39,33;20;0,408163265;80;3200;640;10
P004_F02_C3;3;3;1;10;8;39,33;19;0,387755102;80;3200;640;10
P004_F02_C4;3;3;1;10;8;39,33;18;0,367346939;80;3200;640;10
P004_F03_C1;3;3;1;10;8;39,33;17;0,346938776;80;3200;640;10
P004_F03_C2;3;3;1;10;8;39,33;16;0,326530612;80;3200;640;10
P004_F03_C3;3;3;1;10;8;39,33;15;0,306122449;80;3200;640;10
P004_F03_C4;3;3;1;10;8;39,33;14;0,285714286;80;3200;640;10
P004_F04_C1;3;3;1;10;8;39,33;13;0,265306122;80;3200;640;10
P004_F04_C2;3;3;1;10;8;39,33;12;0,244897959;80;3200;640;10
P004_F04_C4;3;3;1;10;8;39,33;10;0,204081633;80;3200;640;10
P004_F05_C1;3;3;1;10;8;39,33;9;0,183673469;80;3200;640;10
P004_F05_C2;3;3;1;10;8;39,33;8;0,163265306;80;3200;640;10
P004_F05_C3;3;3;1;10;8;39,33;7;0,142857143;80;3200;640;10
P004_F05_C4;3;3;1;10;8;39,33;6;0,12244898;80;3200;640;10
P004_F06_C1;3;3;1;10;8;39,33;5;0,102040816;80;3200;640;10
P004_F06_C2;3;3;1;10;8;39,33;4;0,081632653;80;3200;640;10
P006_F01_C1;6;7;1;10;4,5;40,33;126;1;80;3200;640;10
P006_F01_C2;6;7;1;10;4,5;40,33;125;0,992063492;80;3200;640;10
P006_F01_C3;6;7;1;10;4,5;40,33;124;0,984126984;80;3200;640;10
P006_F01_C4;6;7;1;10;4,5;40,33;123;0,976190476;80;3200;640;10
P006_F01_C5;6;7;1;10;4,5;40,33;122;0,968253968;80;3200;640;10
P006_F01_C6;6;7;1;10;4,5;40,33;121;0,96031746;80;3200;640;10
P006_F01_C7;6;7;1;10;4,5;40,33;120;0,952380952;80;3200;640;10
P006_F02_C1;6;7;1;10;4,5;40,33;119;0,944444444;80;3200;640;10
P006_F02_C2;6;7;1;10;4,5;40,33;118;0,936507937;80;3200;640;10
P006_F02_C3;6;7;1;10;4,5;40,33;117;0,928571429;80;3200;640;10
P006_F02_C4;6;7;1;10;4,5;40,33;116;0,920634921;80;3200;640;10
P006_F02_C5;6;7;1;10;4,5;40,33;115;0,912698413;80;3200;640;10
P006_F02_C6;6;7;1;10;4,5;40,33;114;0,904761905;80;3200;640;10
P006_F02_C7;6;7;1;10;4,5;40,33;113;0,896825397;80;3200;640;10
P006_F03_C1;6;7;1;10;4,5;40,33;112;0,888888889;80;3200;640;10
P006_F03_C2;6;7;1;10;4,5;40,33;111;0,880952381;80;3200;640;10
P006_F03_C3;6;7;1;10;4,5;40,33;110;0,873015873;80;3200;640;10
P006_F03_C4;6;7;1;10;4,5;40,33;109;0,865079365;80;3200;640;10
P006_F03_C5;6;7;1;10;4,5;40,33;108;0,857142857;80;3200;640;10
P006_F04_C1;6;7;1;10;4,5;40,33;105;0,833333333;80;3200;640;10
P006_F04_C2;6;7;1;10;4,5;40,33;104;0,825396825;80;3200;640;10
P006_F04_C3;6;7;1;10;4,5;40,33;103;0,817460317;80;3200;640;10
P006_F04_C4;6;7;1;10;4,5;40,33;102;0,80952381;80;3200;640;10
P006_F04_C5;6;7;1;10;4,5;40,33;101;0,801587302;80;3200;640;10
P006_F04_C6;6;7;1;10;4,5;40,33;100;0,793650794;80;3200;640;10
P006_F04_C7;6;7;1;10;4,5;40,33;99;0,785714286;80;3200;640;10
P006_F05_C1;6;7;1;10;4,5;40,33;98;0,777777778;80;3200;640;10
P006_F05_C2;6;7;1;10;4,5;40,33;97;0,76984127;80;3200;640;10
P006_F05_C3;6;7;1;10;4,5;40,33;96;0,761904762;80;3200;640;10
P006_F05_C4;6;7;1;10;4,5;40,33;95;0,753968254;80;3200;640;10
P006_F05_C5;6;7;1;10;4,5;40,33;94;0,746031746;80;3200;640;10
P006_F05_C6;6;7;1;10;4,5;40,33;93;0,738095238;80;3200;640;10
P006_F05_C7;6;7;1;10;4,5;40,33;92;0,73015873;80;3200;640;10
P006_F06_C1;6;7;1;10;4,5;40,33;91;0,722222222;80;3200;640;10
P006_F06_C2;6;7;1;10;4,5;40,33;90;0,714285714;80;3200;640;10
P006_F06_C3;6;7;1;10;4,5;40,33;89;0,706349206;80;3200;640;10
P006_F06_C4;6;7;1;10;4,5;40,33;88;0,698412698;80;3200;640;10
P006_F06_C5;6;7;1;10;4,5;40,33;87;0,69047619;80;3200;640;10
P006_F06_C6;6;7;1;10;4,5;40,33;86;0,682539683;80;3200;640;10
P006_F06_C7;6;7;1;10;4,5;40,33;85;0,674603175;80;3200;640;10
P007_F01_C1;7;2;1;5;8;35,33;1;0,020408163;80;3200;640;10
P007_F01_C2;7;2;1;5;8;35,33;0;0;80;3200;640;10
P007_F02_C1;7;4;1;5;8;35,33;40;1;80;3200;640;10
P007_F02_C2;7;4;1;5;8;35,33;39;0,975;80;3200;640;10
P007_F02_C3;7;4;1;5;8;35,33;38;0,95;80;3200;640;10
P007_F02_C4;7;4;1;5;8;35,33;37;0,925;80;3200;640;10
P007_F03_C1;7;4;1;5;8;35,33;36;0,9;80;3200;640;10
P007_F03_C2;7;4;1;5;8;35,33;35;0,875;80;3200;640;10
P007_F03_C3;7;4;1;5;8;35,33;34;0,85;80;3200;640;10
P007_F03_C4;7;4;1;5;8;35,33;33;0,825;80;3200;640;10
P007_F04_C1;7;4;1;5;8;35,33;32;0,8;80;3200;640;10
P007_F04_C2;7;4;1;5;8;35,33;31;0,775;80;3200;640;10
P007_F04_C3;7;4;1;5;8;35,33;30;0,75;80;3200;640;10
P007_F04_C4;7;4;1;5;8;35,33;29;0,725;80;3200;640;10
P007_F05_C1;7;4;1;5;8;35,33;28;0,7;80;3200;640;10
P007_F05_C2;7;4;1;5;8;35,33;27;0,675;80;3200;640;10
P007_F05_C3;7;4;1;5;8;35,33;26;0,65;80;3200;640;10
P007_F05_C4;7;4;1;5;8;35,33;25;0,625;80;3200;640;10
P007_F06_C1;7;4;1;5;8;35,33;24;0,6;80;3200;640;10
P007_F06_C2;7;4;1;5;8;35,33;23;0,575;80;3200;640;10
P007_F06_C3;7;4;1;5;8;35,33;22;0,55;80;3200;640;10
P007_F06_C4;7;4;1;5;8;35,33;21;0,525;80;3200;640;10
P007_F07_C1;7;4;1;5;8;35,33;20;0,5;80;3200;640;10
P007_F07_C2;7;4;1;5;8;35,33;19;0,475;80;3200;640;10
P007_F07_C3;7;4;1;5;8;35,33;18;0,45;80;3200;640;10
P007_F07_C4;7;4;1;5;8;35,33;17;0,425;80;3200;640;10
P007_F08_C1;7;4;1;5;8;35,33;16;0,4;80;3200;640;10
P007_F08_C2;7;4;1;5;8;35,33;15;0,375;80;3200;640;10
P007_F08_C3;7;4;1;5;8;35,33;14;0,35;80;3200;640;10
P007_F08_C4;7;4;1;5;8;35,33;13;0,325;80;3200;640;10
P007_F09_C1;7;4;1;5;8;35,33;12;0,3;80;3200;640;10
P007_F09_C2;7;4;1;5;8;35,33;11;0,275;80;3200;640;10
P007_F09_C3;7;4;1;5;8;35,33;10;0,25;80;3200;640;10
P007_F09_C4;7;4;1;5;8;35,33;9;0,225;80;3200;640;10
P007_F10_C1;7;4;1;5;8;35,33;8;0,2;80;3200;640;10
P007_F10_C2;7;4;1;5;8;35,33;7;0,175;80;3200;640;10
P007_F10_C3;7;4;1;5;8;35,33;6;0,15;80;3200;640;10
P007_F10_C4;7;4;1;5;8;35,33;5;0,125;80;3200;640;10
P007_F11_C1;7;4;1;5;8;35,33;4;0,1;80;3200;640;10
P007_F11_C2;7;4;1;5;8;35,33;3;0,075;80;3200;640;10
P007_F11_C3;7;4;1;5;8;35,33;2;0,05;80;3200;640;10
P007_F11_C4;7;4;1;5;8;35,33;1;0,025;80;3200;640;10
P007_F12_C1;7;4;1;5;8;35,33;0;0;80;3200;640;10
P008_F01_C1;8;5;1;10;8;38,17;9;0,169811321;80;3200;640;10
P008_F01_C2;8;5;1;10;8;38,17;8;0,150943396;80;3200;640;10
P008_F01_C3;8;5;1;10;8;38,17;7;0,132075472;80;3200;640;10
P008_F01_C4;8;5;1;10;8;38,17;6;0,113207547;80;3200;640;10
P008_F02_C1;8;5;1;10;8;38,17;5;0,094339623;80;3200;640;10
P008_F02_C2;8;5;1;10;8;38,17;4;0,075471698;80;3200;640;10
P008_F02_C3;8;5;1;10;8;38,17;3;0,056603774;80;3200;640;10
P008_F02_C4;8;5;1;10;8;38,17;2;0,037735849;80;3200;640;10
P008_F03_C1;8;5;1;10;8;38,17;1;0,018867925;80;3200;640;10
P008_F03_C2;8;5;1;10;8;38,17;0;0;80;3200;640;10
P010_F01_C1;10;5;1;10;8;38,33;33;0,622641509;80;3200;640;10
P010_F01_C2;10;5;1;10;8;38,33;32;0,603773585;80;3200;640;10
P010_F01_C3;10;5;1;10;8;38,33;31;0,58490566;80;3200;640;10
P010_F02_C1;10;5;1;10;8;38,33;29;0,547169811;80;3200;640;10
P010_F02_C2;10;5;1;10;8;38,33;28;0,528301887;80;3200;640;10
P010_F02_C3;10;5;1;10;8;38,33;27;0,509433962;80;3200;640;10
P010_F02_C4;10;5;1;10;8;38,33;26;0,490566038;80;3200;640;10
P010_F03_C1;10;5;1;10;8;38,33;25;0,471698113;80;3200;640;10
P010_F03_C2;10;5;1;10;8;38,33;24;0,452830189;80;3200;640;10
P010_F03_C3;10;5;1;10;8;38,33;23;0,433962264;80;3200;640;10
P010_F03_C4;10;5;1;10;8;38,33;22;0,41509434;80;3200;640;10
P010_F04_C1;10;5;1;10;8;38,33;21;0,396226415;80;3200;640;10
P010_F04_C2;10;5;1;10;8;38,33;20;0,377358491;80;3200;640;10
P010_F04_C3;10;5;1;10;8;38,33;19;0,358490566;80;3200;640;10
P010_F04_C4;10;5;1;10;8;38,33;18;0,339622642;80;3200;640;10
P010_F05_C1;10;5;1;10;8;38,33;17;0,320754717;80;3200;640;10
P010_F05_C2;10;5;1;10;8;38,33;16;0,301886792;80;3200;640;10
P010_F05_C3;10;5;1;10;8;38,33;15;0,283018868;80;3200;640;10
P010_F05_C4;10;5;1;10;8;38,33;14;0,264150943;80;3200;640;10
P010_F06_C1;10;5;1;10;8;38,33;13;0,245283019;80;3200;640;10
P010_F06_C2;10;5;1;10;8;38,33;12;0,226415094;80;3200;640;10
P010_F06_C3;10;5;1;10;8;38,33;11;0,20754717;80;3200;640;10
P010_F06_C4;10;5;1;10;8;38,33;10;0,188679245;80;3200;640;10
P011_F01_C1;11;6;1;5;8;40;29;1;80;3200;640;10
P011_F01_C3;11;6;1;5;8;40;27;0,931034483;80;3200;640;10
P011_F01_C4;11;6;1;5;8;40;26;0,896551724;80;3200;640;10
P011_F02_C1;11;6;1;5;8;40;25;0,862068966;80;3200;640;10
P011_F02_C2;11;6;1;5;8;40;24;0,827586207;80;3200;640;10
P011_F02_C3;11;6;1;5;8;40;23;0,793103448;80;3200;640;10
P011_F02_C4;11;6;1;5;8;40;22;0,75862069;80;3200;640;10
P011_F03_C1;11;6;1;5;8;40;21;0,724137931;80;3200;640;10
P011_F03_C2;11;6;1;5;8;40;20;0,689655172;80;3200;640;10
P011_F03_C3;11;6;1;5;8;40;19;0,655172414;80;3200;640;10
P011_F03_C4;11;6;1;5;8;40;18;0,620689655;80;3200;640;10
P011_F04_C1;11;6;1;5;8;40;17;0,586206897;80;3200;640;10
P011_F04_C2;11;6;1;5;8;40;16;0,551724138;80;3200;640;10
P011_F04_C3;11;6;1;5;8;40;15;0,517241379;80;3200;640;10
P011_F04_C4;11;6;1;5;8;40;14;0,482758621;80;3200;640;10
P011_F05_C1;11;6;1;5;8;40;13;0,448275862;80;3200;640;10
P011_F05_C2;11;6;1;5;8;40;12;0,413793103;80;3200;640;10
P011_F05_C3;11;6;1;5;8;40;11;0,379310345;80;3200;640;10
P011_F05_C4;11;6;1;5;8;40;10;0,344827586;80;3200;640;10
P011_F06_C1;11;6;1;5;8;40;9;0,310344828;80;3200;640;10
P011_F06_C2;11;6;1;5;8;40;8;0,275862069;80;3200;640;10
P011_F06_C3;11;6;1;5;8;40;7;0,24137931;80;3200;640;10
P011_F06_C4;11;6;1;5;8;40;6;0,206896552;80;3200;640;10
P011_F07_C1;11;6;1;5;8;40;5;0,172413793;80;3200;640;10
P011_F07_C2;11;6;1;5;8;40;4;0,137931034;80;3200;640;10
P011_F07_C3;11;6;1;5;8;40;3;0,103448276;80;3200;640;10
P011_F07_C4;11;6;1;5;8;40;2;0,068965517;80;3200;640;10
P011_F08_C2;11;6;1;5;8;40;0;0;80;3200;640;10
P012_F01_C1;12;8;1;5;4,5;41,67;115;1;80;3200;640;10
P012_F01_C2;12;8;1;5;4,5;41,67;114;0,991304348;80;3200;640;10
P012_F01_C3;12;8;1;5;4,5;41,67;113;0,982608696;80;3200;640;10
P012_F01_C4;12;8;1;5;4,5;41,67;112;0,973913043;80;3200;640;10
P012_F01_C5;12;8;1;5;4,5;41,67;111;0,965217391;80;3200;640;10
P012_F01_C6;12;8;1;5;4,5;41,67;110;0,956521739;80;3200;640;10
P012_F01_C7;12;8;1;5;4,5;41,67;109;0,947826087;80;3200;640;10
P012_F02_C1;12;8;1;5;4,5;41,67;108;0,939130435;80;3200;640;10
P012_F02_C2;12;8;1;5;4,5;41,67;107;0,930434783;80;3200;640;10
P012_F02_C3;12;8;1;5;4,5;41,67;106;0,92173913;80;3200;640;10
P012_F02_C4;12;8;1;5;4,5;41,67;105;0,913043478;80;3200;640;10
P012_F02_C5;12;8;1;5;4,5;41,67;104;0,904347826;80;3200;640;10
P012_F02_C6;12;8;1;5;4,5;41,67;103;0,895652174;80;3200;640;10
P012_F02_C7;12;8;1;5;4,5;41,67;102;0,886956522;80;3200;640;10
P012_F03_C1;12;8;1;5;4,5;41,67;101;0,87826087;80;3200;640;10
P012_F03_C2;12;8;1;5;4,5;41,67;100;0,869565217;80;3200;640;10
P012_F03_C3;12;8;1;5;4,5;41,67;99;0,860869565;80;3200;640;10
P012_F03_C4;12;8;1;5;4,5;41,67;98;0,852173913;80;3200;640;10
P012_F03_C5;12;8;1;5;4,5;41,67;97;0,843478261;80;3200;640;10
P012_F03_C6;12;8;1;5;4,5;41,67;96;0,834782609;80;3200;640;10
P012_F03_C7;12;8;1;5;4,5;41,67;95;0,826086957;80;3200;640;10
P012_F04_C1;12;8;1;5;4,5;41,67;94;0,817391304;80;3200;640;10
P012_F04_C2;12;8;1;5;4,5;41,67;93;0,808695652;80;3200;640;10
P012_F04_C3;12;8;1;5;4,5;41,67;92;0,8;80;3200;640;10
P012_F04_C4;12;8;1;5;4,5;41,67;91;0,791304348;80;3200;640;10
P012_F04_C5;12;8;1;5;4,5;41,67;90;0,782608696;80;3200;640;10
P012_F04_C6;12;8;1;5;4,5;41,67;89;0,773913043;80;3200;640;10
P012_F04_C7;12;8;1;5;4,5;41,67;88;0,765217391;80;3200;640;10
P012_F05_C1;12;8;1;5;4,5;41,67;87;0,756521739;80;3200;640;10
P012_F05_C2;12;8;1;5;4,5;41,67;86;0,747826087;80;3200;640;10
P012_F05_C3;12;8;1;5;4,5;41,67;85;0,739130435;80;3200;640;10
P012_F05_C4;12;8;1;5;4,5;41,67;84;0,730434783;80;3200;640;10
P012_F05_C5;12;8;1;5;4,5;41,67;83;0,72173913;80;3200;640;10
P012_F05_C6;12;8;1;5;4,5;41,67;82;0,713043478;80;3200;640;10
P012_F05_C7;12;8;1;5;4,5;41,67;81;0,704347826;80;3200;640;10
P012_F06_C1;12;8;1;5;4,5;41,67;80;0,695652174;80;3200;640;10
P012_F06_C2;12;8;1;5;4,5;41,67;79;0,686956522;80;3200;640;10
P012_F06_C3;12;8;1;5;4,5;41,67;78;0,67826087;80;3200;640;10
P012_F06_C4;12;8;1;5;4,5;41,67;77;0,669565217;80;3200;640;10
P012_F06_C5;12;8;1;5;4,5;41,67;76;0,660869565;80;3200;640;10
P012_F06_C6;12;8;1;5;4,5;41,67;75;0,652173913;80;3200;640;10
P012_F06_C7;12;8;1;5;4,5;41,67;74;0,643478261;80;3200;640;10
P012_F07_C1;12;8;1;5;4,5;41,67;73;0,634782609;80;3200;640;10
P012_F07_C2;12;8;1;5;4,5;41,67;72;0,626086957;80;3200;640;10
P012_F07_C3;12;8;1;5;4,5;41,67;71;0,617391304;80;3200;640;10
P012_F07_C4;12;8;1;5;4,5;41,67;70;0,608695652;80;3200;640;10
P012_F07_C5;12;8;1;5;4,5;41,67;69;0,6;80;3200;640;10
P012_F07_C6;12;8;1;5;4,5;41,67;68;0,591304348;80;3200;640;10
P012_F07_C7;12;8;1;5;4,5;41,67;67;0,582608696;80;3200;640;10
P012_F08_C1;12;8;1;5;4,5;41,67;66;0,573913043;80;3200;640;10
P012_F08_C2;12;8;1;5;4,5;41,67;65;0,565217391;80;3200;640;10
P012_F08_C3;12;8;1;5;4,5;41,67;64;0,556521739;80;3200;640;10
P012_F08_C4;12;8;1;5;4,5;41,67;63;0,547826087;80;3200;640;10
P012_F08_C5;12;8;1;5;4,5;41,67;62;0,539130435;80;3200;640;10
P012_F08_C6;12;8;1;5;4,5;41,67;61;0,530434783;80;3200;640;10
P012_F08_C7;12;8;1;5;4,5;41,67;60;0,52173913;80;3200;640;10
P012_F09_C1;12;8;1;5;4,5;41,67;59;0,513043478;80;3200;640;10
P012_F09_C2;12;8;1;5;4,5;41,67;58;0,504347826;80;3200;640;10
P012_F09_C3;12;8;1;5;4,5;41,67;57;0,495652174;80;3200;640;10
P012_F09_C4;12;8;1;5;4,5;41,67;56;0,486956522;80;3200;640;10
P012_F09_C5;12;8;1;5;4,5;41,67;55;0,47826087;80;3200;640;10
P012_F09_C6;12;8;1;5;4,5;41,67;54;0,469565217;80;3200;640;10
P012_F09_C7;12;8;1;5;4,5;41,67;53;0,460869565;80;3200;640;10
P012_F10_C1;12;8;1;5;4,5;41,67;52;0,452173913;80;3200;640;10
P012_F10_C2;12;8;1;5;4,5;41,67;51;0,443478261;80;3200;640;10
P012_F10_C3;12;8;1;5;4,5;41,67;50;0,434782609;80;3200;640;10
P012_F10_C4;12;8;1;5;4,5;41,67;49;0,426086957;80;3200;640;10
P012_F10_C5;12;8;1;5;4,5;41,67;48;0,417391304;80;3200;640;10
P012_F10_C6;12;8;1;5;4,5;41,67;47;0,408695652;80;3200;640;10
P012_F10_C7;12;8;1;5;4,5;41,67;46;0,4;80;3200;640;10
P012_F11_C1;12;8;1;5;4,5;41,67;45;0,391304348;80;3200;640;10
P012_F11_C2;12;8;1;5;4,5;41,67;44;0,382608696;80;3200;640;10
P012_F11_C3;12;8;1;5;4,5;41,67;43;0,373913043;80;3200;640;10
P012_F11_C4;12;8;1;5;4,5;41,67;42;0,365217391;80;3200;640;10
P012_F11_C5;12;8;1;5;4,5;41,67;41;0,356521739;80;3200;640;10
P012_F11_C6;12;8;1;5;4,5;41,67;40;0,347826087;80;3200;640;10
P012_F11_C7;12;8;1;5;4,5;41,67;39;0,339130435;80;3200;640;10
P012_F12_C1;12;8;1;5;4,5;41,67;38;0,330434783;80;3200;640;10
P012_F12_C2;12;8;1;5;4,5;41,67;37;0,32173913;80;3200;640;10
P012_F12_C3;12;8;1;5;4,5;41,67;36;0,313043478;80;3200;640;10
P012_F12_C4;12;8;1;5;4,5;41,67;35;0,304347826;80;3200;640;10
P012_F12_C5;12;8;1;5;4,5;41,67;34;0,295652174;80;3200;640;10
P012_F12_C6;12;8;1;5;4,5;41,67;33;0,286956522;80;3200;640;10
P012_F12_C7;12;8;1;5;4,5;41,67;32;0,27826087;80;3200;640;10
P014_F01_C1;14;9;1;5;4,5;37,33;149;1;80;3200;640;10
P014_F01_C2;14;9;1;5;4,5;37,33;148;0,993288591;80;3200;640;10
P014_F01_C3;14;9;1;5;4,5;37,33;147;0,986577181;80;3200;640;10
P014_F01_C4;14;9;1;5;4,5;37,33;146;0,979865772;80;3200;640;10
P014_F01_C5;14;9;1;5;4,5;37,33;145;0,973154362;80;3200;640;10
P014_F01_C6;14;9;1;5;4,5;37,33;144;0,966442953;80;3200;640;10
P014_F01_C7;14;9;1;5;4,5;37,33;143;0,959731544;80;3200;640;10
P014_F02_C1;14;9;1;5;4,5;37,33;142;0,953020134;80;3200;640;10
P014_F02_C2;14;9;1;5;4,5;37,33;141;0,946308725;80;3200;640;10
P014_F02_C3;14;9;1;5;4,5;37,33;140;0,939597315;80;3200;640;10
P014_F02_C4;14;9;1;5;4,5;37,33;139;0,932885906;80;3200;640;10
P014_F02_C5;14;9;1;5;4,5;37,33;138;0,926174497;80;3200;640;10
P014_F02_C6;14;9;1;5;4,5;37,33;137;0,919463087;80;3200;640;10
P014_F02_C7;14;9;1;5;4,5;37,33;136;0,912751678;80;3200;640;10
P014_F03_C1;14;9;1;5;4,5;37,33;135;0,906040268;80;3200;640;10
P014_F03_C2;14;9;1;5;4,5;37,33;134;0,899328859;80;3200;640;10
P014_F03_C3;14;9;1;5;4,5;37,33;133;0,89261745;80;3200;640;10
P014_F03_C4;14;9;1;5;4,5;37,33;132;0,88590604;80;3200;640;10
P014_F03_C5;14;9;1;5;4,5;37,33;131;0,879194631;80;3200;640;10
P014_F03_C6;14;9;1;5;4,5;37,33;130;0,872483221;80;3200;640;10
P014_F03_C7;14;9;1;5;4,5;37,33;129;0,865771812;80;3200;640;10
P014_F04_C1;14;9;1;5;4,5;37,33;128;0,859060403;80;3200;640;10
P014_F04_C2;14;9;1;5;4,5;37,33;127;0,852348993;80;3200;640;10
P014_F04_C3;14;9;1;5;4,5;37,33;126;0,845637584;80;3200;640;10
P014_F04_C4;14;9;1;5;4,5;37,33;125;0,838926174;80;3200;640;10
P014_F04_C5;14;9;1;5;4,5;37,33;124;0,832214765;80;3200;640;10
P014_F04_C6;14;9;1;5;4,5;37,33;123;0,825503356;80;3200;640;10
P014_F04_C7;14;9;1;5;4,5;37,33;122;0,818791946;80;3200;640;10
P014_F05_C1;14;9;1;5;4,5;37,33;121;0,812080537;80;3200;640;10
P014_F05_C2;14;9;1;5;4,5;37,33;120;0,805369128;80;3200;640;10
P014_F05_C3;14;9;1;5;4,5;37,33;119;0,798657718;80;3200;640;10
P014_F05_C4;14;9;1;5;4,5;37,33;118;0,791946309;80;3200;640;10
P014_F05_C5;14;9;1;5;4,5;37,33;117;0,785234899;80;3200;640;10
P014_F05_C6;14;9;1;5;4,5;37,33;116;0,77852349;80;3200;640;10
P014_F05_C7;14;9;1;5;4,5;37,33;115;0,771812081;80;3200;640;10
P014_F06_C1;14;9;1;5;4,5;37,33;114;0,765100671;80;3200;640;10
P014_F06_C2;14;9;1;5;4,5;37,33;113;0,758389262;80;3200;640;10
P014_F06_C3;14;9;1;5;4,5;37,33;112;0,751677852;80;3200;640;10
P014_F06_C4;14;9;1;5;4,5;37,33;111;0,744966443;80;3200;640;10
P014_F06_C5;14;9;1;5;4,5;37,33;110;0,738255034;80;3200;640;10
P014_F06_C6;14;9;1;5;4,5;37,33;109;0,731543624;80;3200;640;10
P014_F06_C7;14;9;1;5;4,5;37,33;108;0,724832215;80;3200;640;10
P014_F07_C1;14;9;1;5;4,5;37,33;107;0,718120805;80;3200;640;10
P014_F07_C2;14;9;1;5;4,5;37,33;106;0,711409396;80;3200;640;10
P014_F07_C3;14;9;1;5;4,5;37,33;105;0,704697987;80;3200;640;10
P014_F07_C4;14;9;1;5;4,5;37,33;104;0,697986577;80;3200;640;10
P014_F07_C5;14;9;1;5;4,5;37,33;103;0,691275168;80;3200;640;10
P014_F07_C6;14;9;1;5;4,5;37,33;102;0,684563758;80;3200;640;10
P014_F07_C7;14;9;1;5;4,5;37,33;101;0,677852349;80;3200;640;10
P014_F08_C1;14;9;1;5;4,5;37,33;100;0,67114094;80;3200;640;10
P014_F08_C2;14;9;1;5;4,5;37,33;99;0,66442953;80;3200;640;10
P014_F08_C3;14;9;1;5;4,5;37,33;98;0,657718121;80;3200;640;10
P014_F08_C4;14;9;1;5;4,5;37,33;97;0,651006711;80;3200;640;10
P014_F08_C5;14;9;1;5;4,5;37,33;96;0,644295302;80;3200;640;10
P014_F08_C6;14;9;1;5;4,5;37,33;95;0,637583893;80;3200;640;10
P014_F08_C7;14;9;1;5;4,5;37,33;94;0,630872483;80;3200;640;10
P014_F09_C1;14;9;1;5;4,5;37,33;93;0,624161074;80;3200;640;10
P014_F09_C2;14;9;1;5;4,5;37,33;92;0,617449664;80;3200;640;10
P014_F09_C3;14;9;1;5;4,5;37,33;91;0,610738255;80;3200;640;10
P014_F09_C4;14;9;1;5;4,5;37,33;90;0,604026846;80;3200;640;10
P014_F09_C5;14;9;1;5;4,5;37,33;89;0,597315436;80;3200;640;10
P014_F09_C6;14;9;1;5;4,5;37,33;88;0,590604027;80;3200;640;10
P014_F09_C7;14;9;1;5;4,5;37,33;87;0,583892617;80;3200;640;10
P014_F10_C1;14;9;1;5;4,5;37,33;86;0,577181208;80;3200;640;10
P014_F10_C2;14;9;1;5;4,5;37,33;85;0,570469799;80;3200;640;10
P014_F10_C3;14;9;1;5;4,5;37,33;84;0,563758389;80;3200;640;10
P014_F10_C4;14;9;1;5;4,5;37,33;83;0,55704698;80;3200;640;10
P014_F10_C5;14;9;1;5;4,5;37,33;82;0,55033557;80;3200;640;10
P014_F10_C6;14;9;1;5;4,5;37,33;81;0,543624161;80;3200;640;10
P014_F10_C7;14;9;1;5;4,5;37,33;80;0,536912752;80;3200;640;10
P014_F11_C1;14;9;1;5;4,5;37,33;79;0,530201342;80;3200;640;10
P014_F11_C2;14;9;1;5;4,5;37,33;78;0,523489933;80;3200;640;10
P014_F11_C3;14;9;1;5;4,5;37,33;77;0,516778523;80;3200;640;10
P014_F11_C4;14;9;1;5;4,5;37,33;76;0,510067114;80;3200;640;10
P014_F11_C5;14;9;1;5;4,5;37,33;75;0,503355705;80;3200;640;10
P014_F11_C6;14;9;1;5;4,5;37,33;74;0,496644295;80;3200;640;10
P014_F11_C7;14;9;1;5;4,5;37,33;73;0,489932886;80;3200;640;10
P014_F12_C1;14;9;1;5;4,5;37,33;72;0,483221477;80;3200;640;10
P014_F12_C2;14;9;1;5;4,5;37,33;71;0,476510067;80;3200;640;10
P014_F12_C3;14;9;1;5;4,5;37,33;70;0,469798658;80;3200;640;10
P014_F12_C4;14;9;1;5;4,5;37,33;69;0,463087248;80;3200;640;10
P014_F12_C5;14;9;1;5;4,5;37,33;68;0,456375839;80;3200;640;10
P014_F12_C6;14;9;1;5;4,5;37,33;67;0,44966443;80;3200;640;10
P014_F12_C7;14;9;1;5;4,5;37,33;66;0,44295302;80;3200;640;10
P015_F01_C1;15;7;1;10;4,5;41,33;84;0,666666667;80;3200;640;10
P015_F01_C2;15;7;1;10;4,5;41,33;83;0,658730159;80;3200;640;10
P015_F01_C3;15;7;1;10;4,5;41,33;82;0,650793651;80;3200;640;10
P015_F01_C4;15;7;1;10;4,5;41,33;81;0,642857143;80;3200;640;10
P015_F01_C5;15;7;1;10;4,5;41,33;80;0,634920635;80;3200;640;10
P015_F01_C6;15;7;1;10;4,5;41,33;79;0,626984127;80;3200;640;10
P015_F01_C7;15;7;1;10;4,5;41,33;78;0,619047619;80;3200;640;10
P015_F02_C1;15;7;1;10;4,5;41,33;77;0,611111111;80;3200;640;10
P015_F02_C2;15;7;1;10;4,5;41,33;76;0,603174603;80;3200;640;10
P015_F02_C3;15;7;1;10;4,5;41,33;75;0,595238095;80;3200;640;10
P015_F02_C4;15;7;1;10;4,5;41,33;74;0,587301587;80;3200;640;10
P015_F02_C5;15;7;1;10;4,5;41,33;73;0,579365079;80;3200;640;10
P015_F02_C6;15;7;1;10;4,5;41,33;72;0,571428571;80;3200;640;10
P015_F02_C7;15;7;1;10;4,5;41,33;71;0,563492063;80;3200;640;10
P015_F03_C1;15;7;1;10;4,5;41,33;70;0,555555556;80;3200;640;10
P015_F03_C2;15;7;1;10;4,5;41,33;69;0,547619048;80;3200;640;10
P015_F03_C3;15;7;1;10;4,5;41,33;68;0,53968254;80;3200;640;10
P015_F03_C4;15;7;1;10;4,5;41,33;67;0,531746032;80;3200;640;10
P015_F03_C5;15;7;1;10;4,5;41,33;66;0,523809524;80;3200;640;10
P015_F03_C6;15;7;1;10;4,5;41,33;65;0,515873016;80;3200;640;10
P015_F03_C7;15;7;1;10;4,5;41,33;64;0,507936508;80;3200;640;10
P015_F04_C1;15;7;1;10;4,5;41,33;63;0,5;80;3200;640;10
P015_F04_C2;15;7;1;10;4,5;41,33;62;0,492063492;80;3200;640;10
P015_F04_C3;15;7;1;10;4,5;41,33;61;0,484126984;80;3200;640;10
P015_F04_C4;15;7;1;10;4,5;41,33;60;0,476190476;80;3200;640;10
P015_F04_C5;15;7;1;10;4,5;41,33;59;0,468253968;80;3200;640;10
P015_F04_C6;15;7;1;10;4,5;41,33;58;0,46031746;80;3200;640;10
P015_F04_C7;15;7;1;10;4,5;41,33;57;0,452380952;80;3200;640;10
P015_F05_C1;15;7;1;10;4,5;41,33;56;0,444444444;80;3200;640;10
P015_F05_C2;15;7;1;10;4,5;41,33;55;0,436507937;80;3200;640;10
P015_F05_C3;15;7;1;10;4,5;41,33;54;0,428571429;80;3200;640;10
P015_F05_C4;15;7;1;10;4,5;41,33;53;0,420634921;80;3200;640;10
P015_F05_C5;15;7;1;10;4,5;41,33;52;0,412698413;80;3200;640;10
P015_F05_C6;15;7;1;10;4,5;41,33;51;0,404761905;80;3200;640;10
P015_F05_C7;15;7;1;10;4,5;41,33;50;0,396825397;80;3200;640;10
P015_F06_C1;15;7;1;10;4,5;41,33;49;0,388888889;80;3200;640;10
P015_F06_C2;15;7;1;10;4,5;41,33;48;0,380952381;80;3200;640;10
P015_F06_C3;15;7;1;10;4,5;41,33;47;0,373015873;80;3200;640;10
P015_F06_C4;15;7;1;10;4,5;41,33;46;0,365079365;80;3200;640;10
P015_F06_C5;15;7;1;10;4,5;41,33;45;0,357142857;80;3200;640;10
P015_F06_C6;15;7;1;10;4,5;41,33;44;0,349206349;80;3200;640;10
P015_F06_C7;15;7;1;10;4,5;41,33;43;0,341269841;80;3200;640;10
P016_F01_C1;16;3;1;10;8;37,5;1;0,020408163;80;3200;640;10
P016_F01_C2;16;3;1;10;8;37,5;0;0;80;3200;640;10
P016_F02_C1;16;5;1;10;8;37,5;53;1;80;3200;640;10
P016_F02_C2;16;5;1;10;8;37,5;52;0,981132075;80;3200;640;10
P016_F02_C3;16;5;1;10;8;37,5;51;0,962264151;80;3200;640;10
P016_F02_C4;16;5;1;10;8;37,5;50;0,943396226;80;3200;640;10
P016_F03_C1;16;5;1;10;8;37,5;49;0,924528302;80;3200;640;10
P016_F03_C2;16;5;1;10;8;37,5;48;0,905660377;80;3200;640;10
P016_F03_C3;16;5;1;10;8;37,5;47;0,886792453;80;3200;640;10
P016_F03_C4;16;5;1;10;8;37,5;46;0,867924528;80;3200;640;10
P016_F04_C1;16;5;1;10;8;37,5;45;0,849056604;80;3200;640;10
P016_F04_C2;16;5;1;10;8;37,5;44;0,830188679;80;3200;640;10
P016_F04_C4;16;5;1;10;8;37,5;42;0,79245283;80;3200;640;10
P016_F05_C1;16;5;1;10;8;37,5;41;0,773584906;80;3200;640;10
P016_F05_C2;16;5;1;10;8;37,5;40;0,754716981;80;3200;640;10
P016_F05_C3;16;5;1;10;8;37,5;39;0,735849057;80;3200;640;10
P016_F06_C1;16;5;1;10;8;37,5;37;0,698113208;80;3200;640;10
P016_F06_C2;16;5;1;10;8;37,5;36;0,679245283;80;3200;640;10
P016_F06_C3;16;5;1;10;8;37,5;35;0,660377358;80;3200;640;10
P016_F06_C4;16;5;1;10;8;37,5;34;0,641509434;80;3200;640;10
P017_F01_C1;17;7;1;10;4,5;39,33;42;0,333333333;80;3200;640;10
P017_F01_C2;17;7;1;10;4,5;39,33;41;0,325396825;80;3200;640;10
P017_F01_C3;17;7;1;10;4,5;39,33;40;0,317460317;80;3200;640;10
P017_F01_C4;17;7;1;10;4,5;39,33;39;0,30952381;80;3200;640;10
P017_F01_C5;17;7;1;10;4,5;39,33;38;0,301587302;80;3200;640;10
P017_F01_C6;17;7;1;10;4,5;39,33;37;0,293650794;80;3200;640;10
P017_F01_C7;17;7;1;10;4,5;39,33;36;0,285714286;80;3200;640;10
P017_F02_C1;17;7;1;10;4,5;39,33;35;0,277777778;80;3200;640;10
P017_F02_C2;17;7;1;10;4,5;39,33;34;0,26984127;80;3200;640;10
P017_F02_C3;17;7;1;10;4,5;39,33;33;0,261904762;80;3200;640;10
P017_F02_C4;17;7;1;10;4,5;39,33;32;0,253968254;80;3200;640;10
P017_F02_C5;17;7;1;10;4,5;39,33;31;0,246031746;80;3200;640;10
P017_F02_C6;17;7;1;10;4,5;39,33;30;0,238095238;80;3200;640;10
P017_F02_C7;17;7;1;10;4,5;39,33;29;0,23015873;80;3200;640;10
P017_F03_C1;17;7;1;10;4,5;39,33;28;0,222222222;80;3200;640;10
P017_F03_C2;17;7;1;10;4,5;39,33;27;0,214285714;80;3200;640;10
P017_F03_C3;17;7;1;10;4,5;39,33;26;0,206349206;80;3200;640;10
P017_F03_C4;17;7;1;10;4,5;39,33;25;0,198412698;80;3200;640;10
P017_F03_C5;17;7;1;10;4,5;39,33;24;0,19047619;80;3200;640;10
P017_F03_C6;17;7;1;10;4,5;39,33;23;0,182539683;80;3200;640;10
P017_F03_C7;17;7;1;10;4,5;39,33;22;0,174603175;80;3200;640;10
P017_F04_C1;17;7;1;10;4,5;39,33;21;0,166666667;80;3200;640;10
P017_F04_C2;17;7;1;10;4,5;39,33;20;0,158730159;80;3200;640;10
P017_F04_C3;17;7;1;10;4,5;39,33;19;0,150793651;80;3200;640;10
P017_F04_C4;17;7;1;10;4,5;39,33;18;0,142857143;80;3200;640;10
P017_F04_C5;17;7;1;10;4,5;39,33;17;0,134920635;80;3200;640;10
P017_F04_C6;17;7;1;10;4,5;39,33;16;0,126984127;80;3200;640;10
P017_F04_C7;17;7;1;10;4,5;39,33;15;0,119047619;80;3200;640;10
P017_F05_C1;17;7;1;10;4,5;39,33;14;0,111111111;80;3200;640;10
P017_F05_C2;17;7;1;10;4,5;39,33;13;0,103174603;80;3200;640;10
P017_F05_C3;17;7;1;10;4,5;39,33;12;0,095238095;80;3200;640;10
P017_F05_C4;17;7;1;10;4,5;39,33;11;0,087301587;80;3200;640;10
P017_F05_C5;17;7;1;10;4,5;39,33;10;0,079365079;80;3200;640;10
P017_F05_C6;17;7;1;10;4,5;39,33;9;0,071428571;80;3200;640;10
P017_F05_C7;17;7;1;10;4,5;39,33;8;0,063492063;80;3200;640;10
P017_F06_C1;17;7;1;10;4,5;39,33;7;0,055555556;80;3200;640;10
P017_F06_C2;17;7;1;10;4,5;39,33;6;0,047619048;80;3200;640;10
P017_F06_C3;17;7;1;10;4,5;39,33;5;0,03968254;80;3200;640;10
P017_F06_C4;17;7;1;10;4,5;39,33;4;0,031746032;80;3200;640;10
P017_F06_C5;17;7;1;10;4,5;39,33;3;0,023809524;80;3200;640;10
P017_F06_C6;17;7;1;10;4,5;39,33;2;0,015873016;80;3200;640;10
P023_F01_C1;23;8;1;5;4,5;39;31;0,269565217;80;3200;640;10
P023_F01_C2;23;8;1;5;4,5;39;30;0,260869565;80;3200;640;10
P023_F01_C3;23;8;1;5;4,5;39;29;0,252173913;80;3200;640;10
P023_F01_C4;23;8;1;5;4,5;39;28;0,243478261;80;3200;640;10
P023_F01_C5;23;8;1;5;4,5;39;27;0,234782609;80;3200;640;10
P023_F01_C6;23;8;1;5;4,5;39;26;0,226086957;80;3200;640;10
P023_F01_C7;23;8;1;5;4,5;39;25;0,217391304;80;3200;640;10
P023_F02_C1;23;8;1;5;4,5;39;24;0,208695652;80;3200;640;10
P023_F02_C2;23;8;1;5;4,5;39;23;0,2;80;3200;640;10
P023_F02_C3;23;8;1;5;4,5;39;22;0,191304348;80;3200;640;10
P023_F02_C4;23;8;1;5;4,5;39;21;0,182608696;80;3200;640;10
P023_F02_C5;23;8;1;5;4,5;39;20;0,173913043;80;3200;640;10
P023_F02_C6;23;8;1;5;4,5;39;19;0,165217391;80;3200;640;10
P023_F02_C7;23;8;1;5;4,5;39;18;0,156521739;80;3200;640;10
P023_F03_C1;23;8;1;5;4,5;39;17;0,147826087;80;3200;640;10
P023_F03_C2;23;8;1;5;4,5;39;16;0,139130435;80;3200;640;10
P023_F03_C3;23;8;1;5;4,5;39;15;0,130434783;80;3200;640;10
P023_F03_C4;23;8;1;5;4,5;39;14;0,12173913;80;3200;640;10
P023_F03_C5;23;8;1;5;4,5;39;13;0,113043478;80;3200;640;10
P023_F03_C6;23;8;1;5;4,5;39;12;0,104347826;80;3200;640;10
P023_F03_C7;23;8;1;5;4,5;39;11;0,095652174;80;3200;640;10
P023_F04_C1;23;8;1;5;4,5;39;10;0,086956522;80;3200;640;10
P023_F04_C2;23;8;1;5;4,5;39;9;0,07826087;80;3200;640;10
P023_F04_C3;23;8;1;5;4,5;39;8;0,069565217;80;3200;640;10
P023_F04_C4;23;8;1;5;4,5;39;7;0,060869565;80;3200;640;10
P023_F04_C5;23;8;1;5;4,5;39;6;0,052173913;80;3200;640;10
P023_F04_C6;23;8;1;5;4,5;39;5;0,043478261;80;3200;640;10
P023_F04_C7;23;8;1;5;4,5;39;4;0,034782609;80;3200;640;10
P023_F05_C1;23;8;1;5;4,5;39;3;0,026086957;80;3200;640;10
P023_F05_C2;23;8;1;5;4,5;39;2;0,017391304;80;3200;640;10
P023_F05_C3;23;8;1;5;4,5;39;1;0,008695652;80;3200;640;10
P023_F05_C4;23;8;1;5;4,5;39;0;0;80;3200;640;10
P026_F01_C1;26;7;1;10;4,5;39,33;0;0;80;3200;640;10
P026_F01_C2;26;101;2;10;4,5;39,33;83;1;80;3200;640;10
P026_F01_C3;26;101;2;10;4,5;39,33;82;0,987951807;80;3200;640;10
P026_F01_C4;26;101;2;10;4,5;39,33;81;0,975903614;80;3200;640;10
P026_F01_C5;26;101;2;10;4,5;39,33;80;0,963855422;80;3200;640;10
P026_F01_C6;26;101;2;10;4,5;39,33;79;0,951807229;80;3200;640;10
P026_F01_C7;26;101;2;10;4,5;39,33;78;0,939759036;80;3200;640;10
P026_F02_C1;26;101;2;10;4,5;39,33;77;0,927710843;80;3200;640;10
P026_F02_C2;26;101;2;10;4,5;39,33;76;0,915662651;80;3200;640;10
P026_F02_C3;26;101;2;10;4,5;39,33;75;0,903614458;80;3200;640;10
P026_F02_C4;26;101;2;10;4,5;39,33;74;0,891566265;80;3200;640;10
P026_F02_C5;26;101;2;10;4,5;39,33;73;0,879518072;80;3200;640;10
P026_F02_C6;26;101;2;10;4,5;39,33;72;0,86746988;80;3200;640;10
P026_F02_C7;26;101;2;10;4,5;39,33;71;0,855421687;80;3200;640;10
P026_F03_C1;26;101;2;10;4,5;39,33;70;0,843373494;80;3200;640;10
P026_F03_C2;26;101;2;10;4,5;39,33;69;0,831325301;80;3200;640;10
P026_F03_C3;26;101;2;10;4,5;39,33;68;0,819277108;80;3200;640;10
P026_F03_C4;26;101;2;10;4,5;39,33;67;0,807228916;80;3200;640;10
P026_F03_C5;26;101;2;10;4,5;39,33;66;0,795180723;80;3200;640;10
P026_F03_C6;26;101;2;10;4,5;39,33;65;0,78313253;80;3200;640;10
P026_F03_C7;26;101;2;10;4,5;39,33;64;0,771084337;80;3200;640;10
P026_F04_C1;26;101;2;10;4,5;39,33;63;0,759036145;80;3200;640;10
P026_F04_C2;26;101;2;10;4,5;39,33;62;0,746987952;80;3200;640;10
P026_F04_C3;26;101;2;10;4,5;39,33;61;0,734939759;80;3200;640;10
P026_F04_C4;26;101;2;10;4,5;39,33;60;0,722891566;80;3200;640;10
P026_F04_C5;26;101;2;10;4,5;39,33;59;0,710843373;80;3200;640;10
P026_F04_C6;26;101;2;10;4,5;39,33;58;0,698795181;80;3200;640;10
P026_F04_C7;26;101;2;10;4,5;39,33;57;0,686746988;80;3200;640;10
P026_F05_C1;26;101;2;10;4,5;39,33;56;0,674698795;80;3200;640;10
P026_F05_C2;26;101;2;10;4,5;39,33;55;0,662650602;80;3200;640;10
P026_F05_C3;26;101;2;10;4,5;39,33;54;0,65060241;80;3200;640;10
P026_F05_C4;26;101;2;10;4,5;39,33;53;0,638554217;80;3200;640;10
P026_F05_C5;26;101;2;10;4,5;39,33;52;0,626506024;80;3200;640;10
P026_F05_C6;26;101;2;10;4,5;39,33;51;0,614457831;80;3200;640;10
P026_F05_C7;26;101;2;10;4,5;39,33;50;0,602409639;80;3200;640;10
P026_F06_C1;26;101;2;10;4,5;39,33;49;0,590361446;80;3200;640;10
P026_F06_C2;26;101;2;10;4,5;39,33;48;0,578313253;80;3200;640;10
P026_F06_C3;26;101;2;10;4,5;39,33;47;0,56626506;80;3200;640;10
P026_F06_C4;26;101;2;10;4,5;39,33;46;0,554216867;80;3200;640;10
P026_F06_C5;26;101;2;10;4,5;39,33;45;0,542168675;80;3200;640;10
P026_F06_C6;26;101;2;10;4,5;39,33;44;0,530120482;80;3200;640;10
P026_F06_C7;26;101;2;10;4,5;39,33;43;0,518072289;80;3200;640;10
P033_F01_C1;33;9;1;5;4,5;39,33;65;0,436241611;80;3200;640;10
P033_F01_C2;33;9;1;5;4,5;39,33;64;0,429530201;80;3200;640;10
P033_F01_C3;33;9;1;5;4,5;39,33;63;0,422818792;80;3200;640;10
P033_F01_C4;33;9;1;5;4,5;39,33;62;0,416107383;80;3200;640;10
P033_F01_C5;33;9;1;5;4,5;39,33;61;0,409395973;80;3200;640;10
P033_F01_C6;33;9;1;5;4,5;39,33;60;0,402684564;80;3200;640;10
P033_F01_C7;33;9;1;5;4,5;39,33;59;0,395973154;80;3200;640;10
P033_F02_C1;33;9;1;5;4,5;39,33;58;0,389261745;80;3200;640;10
P033_F02_C2;33;9;1;5;4,5;39,33;57;0,382550336;80;3200;640;10
P033_F02_C3;33;9;1;5;4,5;39,33;56;0,375838926;80;3200;640;10
P033_F02_C4;33;9;1;5;4,5;39,33;55;0,369127517;80;3200;640;10
P033_F02_C5;33;9;1;5;4,5;39,33;54;0,362416107;80;3200;640;10
P033_F02_C6;33;9;1;5;4,5;39,33;53;0,355704698;80;3200;640;10
P033_F02_C7;33;9;1;5;4,5;39,33;52;0,348993289;80;3200;640;10
P033_F03_C1;33;9;1;5;4,5;39,33;51;0,342281879;80;3200;640;10
P033_F03_C2;33;9;1;5;4,5;39,33;50;0,33557047;80;3200;640;10
P033_F03_C3;33;9;1;5;4,5;39,33;49;0,32885906;80;3200;640;10
P033_F03_C4;33;9;1;5;4,5;39,33;48;0,322147651;80;3200;640;10
P033_F03_C5;33;9;1;5;4,5;39,33;47;0,315436242;80;3200;640;10
P033_F03_C6;33;9;1;5;4,5;39,33;46;0,308724832;80;3200;640;10
P033_F03_C7;33;9;1;5;4,5;39,33;45;0,302013423;80;3200;640;10
P033_F04_C1;33;9;1;5;4,5;39,33;44;0,295302013;80;3200;640;10
P033_F04_C2;33;9;1;5;4,5;39,33;43;0,288590604;80;3200;640;10
P033_F04_C3;33;9;1;5;4,5;39,33;42;0,281879195;80;3200;640;10
P033_F04_C4;33;9;1;5;4,5;39,33;41;0,275167785;80;3200;640;10
P033_F04_C5;33;9;1;5;4,5;39,33;40;0,268456376;80;3200;640;10
P033_F04_C6;33;9;1;5;4,5;39,33;39;0,261744966;80;3200;640;10
P033_F04_C7;33;9;1;5;4,5;39,33;38;0,255033557;80;3200;640;10
P033_F05_C1;33;9;1;5;4,5;39,33;37;0,248322148;80;3200;640;10
P033_F05_C2;33;9;1;5;4,5;39,33;36;0,241610738;80;3200;640;10
P033_F05_C3;33;9;1;5;4,5;39,33;35;0,234899329;80;3200;640;10
P033_F05_C4;33;9;1;5;4,5;39,33;34;0,228187919;80;3200;640;10
P033_F05_C5;33;9;1;5;4,5;39,33;33;0,22147651;80;3200;640;10
P033_F05_C6;33;9;1;5;4,5;39,33;32;0,214765101;80;3200;640;10
P033_F05_C7;33;9;1;5;4,5;39,33;31;0,208053691;80;3200;640;10
P033_F06_C1;33;9;1;5;4,5;39,33;30;0,201342282;80;3200;640;10
P033_F06_C2;33;9;1;5;4,5;39,33;29;0,194630872;80;3200;640;10
P033_F06_C3;33;9;1;5;4,5;39,33;28;0,187919463;80;3200;640;10
P033_F06_C4;33;9;1;5;4,5;39,33;27;0,181208054;80;3200;640;10
P033_F06_C5;33;9;1;5;4,5;39,33;26;0,174496644;80;3200;640;10
P033_F06_C6;33;9;1;5;4,5;39,33;25;0,167785235;80;3200;640;10
P033_F06_C7;33;9;1;5;4,5;39,33;24;0,161073826;80;3200;640;10
P033_F07_C1;33;9;1;5;4,5;39,33;23;0,154362416;80;3200;640;10
P033_F07_C2;33;9;1;5;4,5;39,33;22;0,147651007;80;3200;640;10
P033_F07_C3;33;9;1;5;4,5;39,33;21;0,140939597;80;3200;640;10
P033_F07_C4;33;9;1;5;4,5;39,33;20;0,134228188;80;3200;640;10
P033_F07_C5;33;9;1;5;4,5;39,33;19;0,127516779;80;3200;640;10
P033_F07_C6;33;9;1;5;4,5;39,33;18;0,120805369;80;3200;640;10
P033_F07_C7;33;9;1;5;4,5;39,33;17;0,11409396;80;3200;640;10
P033_F08_C1;33;9;1;5;4,5;39,33;16;0,10738255;80;3200;640;10
P033_F08_C2;33;9;1;5;4,5;39,33;15;0,100671141;80;3200;640;10
P033_F08_C3;33;9;1;5;4,5;39,33;14;0,093959732;80;3200;640;10
P033_F08_C4;33;9;1;5;4,5;39,33;13;0,087248322;80;3200;640;10
P033_F08_C5;33;9;1;5;4,5;39,33;12;0,080536913;80;3200;640;10
P033_F08_C6;33;9;1;5;4,5;39,33;11;0,073825503;80;3200;640;10
P033_F08_C7;33;9;1;5;4,5;39,33;10;0,067114094;80;3200;640;10
P033_F09_C1;33;9;1;5;4,5;39,33;9;0,060402685;80;3200;640;10
P033_F09_C2;33;9;1;5;4,5;39,33;8;0,053691275;80;3200;640;10
P033_F09_C3;33;9;1;5;4,5;39,33;7;0,046979866;80;3200;640;10
P033_F09_C4;33;9;1;5;4,5;39,33;6;0,040268456;80;3200;640;10
P033_F09_C5;33;9;1;5;4,5;39,33;5;0,033557047;80;3200;640;10
P033_F09_C6;33;9;1;5;4,5;39,33;4;0,026845638;80;3200;640;10
P033_F10_C1;33;9;1;5;4,5;39,33;2;0,013422819;80;3200;640;10
P033_F10_C2;33;9;1;5;4,5;39,33;1;0,006711409;80;3200;640;10
P033_F10_C3;33;9;1;5;4,5;39,33;0;0;80;3200;640;10
P036_F01_C1;36;103;2;10;4,5;39,83;18;0,305084746;80;3200;640;10
P036_F01_C2;36;103;2;10;4,5;39,83;17;0,288135593;80;3200;640;10
P036_F01_C3;36;103;2;10;4,5;39,83;16;0,271186441;80;3200;640;10
P036_F01_C4;36;103;2;10;4,5;39,83;15;0,254237288;80;3200;640;10
P036_F01_C5;36;103;2;10;4,5;39,83;14;0,237288136;80;3200;640;10
P036_F01_C6;36;103;2;10;4,5;39,83;13;0,220338983;80;3200;640;10
P036_F01_C7;36;103;2;10;4,5;39,83;12;0,203389831;80;3200;640;10
P036_F02_C1;36;103;2;10;4,5;39,83;11;0,186440678;80;3200;640;10
P036_F02_C2;36;103;2;10;4,5;39,83;10;0,169491525;80;3200;640;10
P036_F02_C3;36;103;2;10;4,5;39,83;9;0,152542373;80;3200;640;10
P036_F02_C4;36;103;2;10;4,5;39,83;8;0,13559322;80;3200;640;10
P036_F02_C5;36;103;2;10;4,5;39,83;7;0,118644068;80;3200;640;10
P036_F02_C6;36;103;2;10;4,5;39,83;6;0,101694915;80;3200;640;10
P036_F02_C7;36;103;2;10;4,5;39,83;5;0,084745763;80;3200;640;10
P036_F03_C1;36;103;2;10;4,5;39,83;4;0,06779661;80;3200;640;10
P036_F03_C2;36;103;2;10;4,5;39,83;3;0,050847458;80;3200;640;10
P036_F03_C3;36;103;2;10;4,5;39,83;2;0,033898305;80;3200;640;10
P036_F03_C4;36;103;2;10;4,5;39,83;1;0,016949153;80;3200;640;10
P036_F03_C5;36;103;2;10;4,5;39,83;0;0;80;3200;640;10
P038_F01_C1;38;101;2;10;4,5;37,83;42;0,506024096;80;3200;640;10
P038_F01_C2;38;101;2;10;4,5;37,83;41;0,493975904;80;3200;640;10
P038_F01_C3;38;101;2;10;4,5;37,83;40;0,481927711;80;3200;640;10
P038_F01_C4;38;101;2;10;4,5;37,83;39;0,469879518;80;3200;640;10
P038_F01_C5;38;101;2;10;4,5;37,83;38;0,457831325;80;3200;640;10
P038_F01_C6;38;101;2;10;4,5;37,83;37;0,445783133;80;3200;640;10
P038_F01_C7;38;101;2;10;4,5;37,83;36;0,43373494;80;3200;640;10
P038_F02_C1;38;101;2;10;4,5;37,83;35;0,421686747;80;3200;640;10
P038_F02_C2;38;101;2;10;4,5;37,83;34;0,409638554;80;3200;640;10
P038_F02_C3;38;101;2;10;4,5;37,83;33;0,397590361;80;3200;640;10
P038_F02_C4;38;101;2;10;4,5;37,83;32;0,385542169;80;3200;640;10
P038_F02_C5;38;101;2;10;4,5;37,83;31;0,373493976;80;3200;640;10
P038_F02_C6;38;101;2;10;4,5;37,83;30;0,361445783;80;3200;640;10
P038_F02_C7;38;101;2;10;4,5;37,83;29;0,34939759;80;3200;640;10
P038_F03_C1;38;101;2;10;4,5;37,83;28;0,337349398;80;3200;640;10
P038_F03_C2;38;101;2;10;4,5;37,83;27;0,325301205;80;3200;640;10
P038_F03_C3;38;101;2;10;4,5;37,83;26;0,313253012;80;3200;640;10
P038_F03_C4;38;101;2;10;4,5;37,83;25;0,301204819;80;3200;640;10
P038_F03_C5;38;101;2;10;4,5;37,83;24;0,289156627;80;3200;640;10
P038_F03_C6;38;101;2;10;4,5;37,83;23;0,277108434;80;3200;640;10
P038_F03_C7;38;101;2;10;4,5;37,83;22;0,265060241;80;3200;640;10
P038_F04_C1;38;101;2;10;4,5;37,83;21;0,253012048;80;3200;640;10
P038_F04_C2;38;101;2;10;4,5;37,83;20;0,240963855;80;3200;640;10
P038_F04_C3;38;101;2;10;4,5;37,83;19;0,228915663;80;3200;640;10
P038_F04_C4;38;101;2;10;4,5;37,83;18;0,21686747;80;3200;640;10
P038_F04_C5;38;101;2;10;4,5;37,83;17;0,204819277;80;3200;640;10
P038_F04_C6;38;101;2;10;4,5;37,83;16;0,192771084;80;3200;640;10
P038_F04_C7;38;101;2;10;4,5;37,83;15;0,180722892;80;3200;640;10
P038_F05_C1;38;101;2;10;4,5;37,83;14;0,168674699;80;3200;640;10
P038_F05_C2;38;101;2;10;4,5;37,83;13;0,156626506;80;3200;640;10
P038_F05_C3;38;101;2;10;4,5;37,83;12;0,144578313;80;3200;640;10
P038_F05_C4;38;101;2;10;4,5;37,83;11;0,13253012;80;3200;640;10
P038_F05_C5;38;101;2;10;4,5;37,83;10;0,120481928;80;3200;640;10
P038_F05_C6;38;101;2;10;4,5;37,83;9;0,108433735;80;3200;640;10
P038_F05_C7;38;101;2;10;4,5;37,83;8;0,096385542;80;3200;640;10
P038_F06_C1;38;101;2;10;4,5;37,83;7;0,084337349;80;3200;640;10
P038_F06_C2;38;101;2;10;4,5;37,83;6;0,072289157;80;3200;640;10
P038_F06_C3;38;101;2;10;4,5;37,83;5;0,060240964;80;3200;640;10
P038_F06_C4;38;101;2;10;4,5;37,83;4;0,048192771;80;3200;640;10
P038_F06_C5;38;101;2;10;4,5;37,83;3;0,036144578;80;3200;640;10
P038_F06_C6;38;101;2;10;4,5;37,83;2;0,024096386;80;3200;640;10
P038_F06_C7;38;101;2;10;4,5;37,83;1;0,012048193;80;3200;640;10
P041_F01_C1;41;101;2;10;4,5;39,17;0;0;80;3200;640;10
P041_F01_C2;41;103;2;10;4,5;39,17;59;1;80;3200;640;10
P041_F01_C3;41;103;2;10;4,5;39,17;58;0,983050847;80;3200;640;10
P041_F01_C4;41;103;2;10;4,5;39,17;57;0,966101695;80;3200;640;10
P041_F01_C5;41;103;2;10;4,5;39,17;56;0,949152542;80;3200;640;10
P041_F01_C6;41;103;2;10;4,5;39,17;55;0,93220339;80;3200;640;10
P041_F01_C7;41;103;2;10;4,5;39,17;54;0,915254237;80;3200;640;10
P041_F02_C1;41;103;2;10;4,5;39,17;53;0,898305085;80;3200;640;10
P041_F02_C2;41;103;2;10;4,5;39,17;52;0,881355932;80;3200;640;10
P041_F02_C3;41;103;2;10;4,5;39,17;51;0,86440678;80;3200;640;10
P041_F02_C4;41;103;2;10;4,5;39,17;50;0,847457627;80;3200;640;10
P041_F02_C5;41;103;2;10;4,5;39,17;49;0,830508475;80;3200;640;10
P041_F02_C6;41;103;2;10;4,5;39,17;48;0,813559322;80;3200;640;10
P041_F02_C7;41;103;2;10;4,5;39,17;47;0,796610169;80;3200;640;10
P041_F03_C1;41;103;2;10;4,5;39,17;46;0,779661017;80;3200;640;10
P041_F03_C2;41;103;2;10;4,5;39,17;45;0,762711864;80;3200;640;10
P041_F03_C3;41;103;2;10;4,5;39,17;44;0,745762712;80;3200;640;10
P041_F03_C4;41;103;2;10;4,5;39,17;43;0,728813559;80;3200;640;10
P041_F03_C5;41;103;2;10;4,5;39,17;42;0,711864407;80;3200;640;10
P041_F03_C6;41;103;2;10;4,5;39,17;41;0,694915254;80;3200;640;10
P041_F03_C7;41;103;2;10;4,5;39,17;40;0,677966102;80;3200;640;10
P041_F04_C1;41;103;2;10;4,5;39,17;39;0,661016949;80;3200;640;10
P041_F04_C2;41;103;2;10;4,5;39,17;38;0,644067797;80;3200;640;10
P041_F04_C3;41;103;2;10;4,5;39,17;37;0,627118644;80;3200;640;10
P041_F04_C4;41;103;2;10;4,5;39,17;36;0,610169492;80;3200;640;10
P041_F04_C5;41;103;2;10;4,5;39,17;35;0,593220339;80;3200;640;10
P041_F04_C6;41;103;2;10;4,5;39,17;34;0,576271186;80;3200;640;10
P041_F04_C7;41;103;2;10;4,5;39,17;33;0,559322034;80;3200;640;10
P041_F05_C1;41;103;2;10;4,5;39,17;32;0,542372881;80;3200;640;10
P041_F05_C2;41;103;2;10;4,5;39,17;31;0,525423729;80;3200;640;10
P041_F05_C3;41;103;2;10;4,5;39,17;30;0,508474576;80;3200;640;10
P041_F05_C4;41;103;2;10;4,5;39,17;29;0,491525424;80;3200;640;10
P041_F05_C5;41;103;2;10;4,5;39,17;28;0,474576271;80;3200;640;10
P041_F05_C6;41;103;2;10;4,5;39,17;27;0,457627119;80;3200;640;10
P041_F05_C7;41;103;2;10;4,5;39,17;26;0,440677966;80;3200;640;10
P041_F06_C1;41;103;2;10;4,5;39,17;25;0,423728814;80;3200;640;10
P041_F06_C2;41;103;2;10;4,5;39,17;24;0,406779661;80;3200;640;10
P041_F06_C3;41;103;2;10;4,5;39,17;23;0,389830508;80;3200;640;10
P041_F06_C4;41;103;2;10;4,5;39,17;22;0,372881356;80;3200;640;10
P041_F06_C5;41;103;2;10;4,5;39,17;21;0,355932203;80;3200;640;10
P041_F06_C6;41;103;2;10;4,5;39,17;20;0,338983051;80;3200;640;10
P041_F06_C7;41;103;2;10;4,5;39,17;19;0,322033898;80;3200;640;10
P108_F01_C1;108;102;2;5;4,5;38,33;84;1;80;3200;640;10
P108_F01_C2;108;102;2;5;4,5;38,33;83;0,988095238;80;3200;640;10
P108_F01_C3;108;102;2;5;4,5;38,33;82;0,976190476;80;3200;640;10
P108_F01_C4;108;102;2;5;4,5;38,33;81;0,964285714;80;3200;640;10
P108_F01_C6;108;102;2;5;4,5;38,33;79;0,94047619;80;3200;640;10
P108_F01_C7;108;102;2;5;4,5;38,33;78;0,928571429;80;3200;640;10
P108_F02_C1;108;102;2;5;4,5;38,33;77;0,916666667;80;3200;640;10
P108_F02_C2;108;102;2;5;4,5;38,33;76;0,904761905;80;3200;640;10
P108_F02_C3;108;102;2;5;4,5;38,33;75;0,892857143;80;3200;640;10
P108_F02_C4;108;102;2;5;4,5;38,33;74;0,880952381;80;3200;640;10
P108_F02_C5;108;102;2;5;4,5;38,33;73;0,869047619;80;3200;640;10
P108_F02_C6;108;102;2;5;4,5;38,33;72;0,857142857;80;3200;640;10
P108_F02_C7;108;102;2;5;4,5;38,33;71;0,845238095;80;3200;640;10
P108_F03_C1;108;102;2;5;4,5;38,33;70;0,833333333;80;3200;640;10
P108_F03_C2;108;102;2;5;4,5;38,33;69;0,821428571;80;3200;640;10
P108_F03_C3;108;102;2;5;4,5;38,33;68;0,80952381;80;3200;640;10
P108_F03_C4;108;102;2;5;4,5;38,33;67;0,797619048;80;3200;640;10
P108_F03_C5;108;102;2;5;4,5;38,33;66;0,785714286;80;3200;640;10
P108_F03_C6;108;102;2;5;4,5;38,33;65;0,773809524;80;3200;640;10
P108_F03_C7;108;102;2;5;4,5;38,33;64;0,761904762;80;3200;640;10
P108_F04_C1;108;102;2;5;4,5;38,33;63;0,75;80;3200;640;10
P108_F04_C2;108;102;2;5;4,5;38,33;62;0,738095238;80;3200;640;10
P108_F04_C3;108;102;2;5;4,5;38,33;61;0,726190476;80;3200;640;10
P108_F04_C4;108;102;2;5;4,5;38,33;60;0,714285714;80;3200;640;10
P108_F04_C5;108;102;2;5;4,5;38,33;59;0,702380952;80;3200;640;10
P108_F04_C6;108;102;2;5;4,5;38,33;58;0,69047619;80;3200;640;10
P108_F04_C7;108;102;2;5;4,5;38,33;57;0,678571429;80;3200;640;10
P108_F05_C1;108;102;2;5;4,5;38,33;56;0,666666667;80;3200;640;10
P108_F05_C2;108;102;2;5;4,5;38,33;55;0,654761905;80;3200;640;10
P108_F05_C3;108;102;2;5;4,5;38,33;54;0,642857143;80;3200;640;10
P108_F05_C4;108;102;2;5;4,5;38,33;53;0,630952381;80;3200;640;10
P108_F05_C5;108;102;2;5;4,5;38,33;52;0,619047619;80;3200;640;10
P108_F05_C6;108;102;2;5;4,5;38,33;51;0,607142857;80;3200;640;10
P108_F05_C7;108;102;2;5;4,5;38,33;50;0,595238095;80;3200;640;10
P108_F06_C1;108;102;2;5;4,5;38,33;49;0,583333333;80;3200;640;10
P108_F06_C2;108;102;2;5;4,5;38,33;48;0,571428571;80;3200;640;10
P108_F06_C3;108;102;2;5;4,5;38,33;47;0,55952381;80;3200;640;10
P108_F06_C4;108;102;2;5;4,5;38,33;46;0,547619048;80;3200;640;10
P108_F06_C5;108;102;2;5;4,5;38,33;45;0,535714286;80;3200;640;10
P108_F06_C6;108;102;2;5;4,5;38,33;44;0,523809524;80;3200;640;10
P108_F06_C7;108;102;2;5;4,5;38,33;43;0,511904762;80;3200;640;10
P108_F07_C1;108;102;2;5;4,5;38,33;42;0,5;80;3200;640;10
P108_F07_C2;108;102;2;5;4,5;38,33;41;0,488095238;80;3200;640;10
P108_F07_C3;108;102;2;5;4,5;38,33;40;0,476190476;80;3200;640;10
P108_F07_C4;108;102;2;5;4,5;38,33;39;0,464285714;80;3200;640;10
P108_F07_C5;108;102;2;5;4,5;38,33;38;0,452380952;80;3200;640;10
P108_F07_C6;108;102;2;5;4,5;38,33;37;0,44047619;80;3200;640;10
P108_F07_C7;108;102;2;5;4,5;38,33;36;0,428571429;80;3200;640;10
P108_F08_C3;108;102;2;5;4,5;38,33;33;0,392857143;80;3200;640;10
P108_F08_C4;108;102;2;5;4,5;38,33;32;0,380952381;80;3200;640;10
P108_F08_C5;108;102;2;5;4,5;38,33;31;0,369047619;80;3200;640;10
P108_F08_C6;108;102;2;5;4,5;38,33;30;0,357142857;80;3200;640;10
P108_F08_C7;108;102;2;5;4,5;38,33;29;0,345238095;80;3200;640;10
P108_F09_C1;108;102;2;5;4,5;38,33;28;0,333333333;80;3200;640;10
P108_F09_C2;108;102;2;5;4,5;38,33;27;0,321428571;80;3200;640;10
P108_F09_C3;108;102;2;5;4,5;38,33;26;0,30952381;80;3200;640;10
P108_F09_C4;108;102;2;5;4,5;38,33;25;0,297619048;80;3200;640;10
P108_F09_C5;108;102;2;5;4,5;38,33;24;0,285714286;80;3200;640;10
P108_F09_C6;108;102;2;5;4,5;38,33;23;0,273809524;80;3200;640;10
P108_F09_C7;108;102;2;5;4,5;38,33;22;0,261904762;80;3200;640;10
P108_F10_C1;108;102;2;5;4,5;38,33;21;0,25;80;3200;640;10
P108_F10_C2;108;102;2;5;4,5;38,33;20;0,238095238;80;3200;640;10
P108_F10_C3;108;102;2;5;4,5;38,33;19;0,226190476;80;3200;640;10
P108_F10_C4;108;102;2;5;4,5;38,33;18;0,214285714;80;3200;640;10
P108_F10_C5;108;102;2;5;4,5;38,33;17;0,202380952;80;3200;640;10
P108_F10_C6;108;102;2;5;4,5;38,33;16;0,19047619;80;3200;640;10
P108_F10_C7;108;102;2;5;4,5;38,33;15;0,178571429;80;3200;640;10
P108_F11_C1;108;102;2;5;4,5;38,33;14;0,166666667;80;3200;640;10
P108_F11_C2;108;102;2;5;4,5;38,33;13;0,154761905;80;3200;640;10
P108_F11_C3;108;102;2;5;4,5;38,33;12;0,142857143;80;3200;640;10
P108_F11_C4;108;102;2;5;4,5;38,33;11;0,130952381;80;3200;640;10
P108_F11_C5;108;102;2;5;4,5;38,33;10;0,119047619;80;3200;640;10
P108_F11_C6;108;102;2;5;4,5;38,33;9;0,107142857;80;3200;640;10
P108_F11_C7;108;102;2;5;4,5;38,33;8;0,095238095;80;3200;640;10
P108_F12_C1;108;102;2;5;4,5;38,33;7;0,083333333;80;3200;640;10
P108_F12_C2;108;102;2;5;4,5;38,33;6;0,071428571;80;3200;640;10
P108_F12_C3;108;102;2;5;4,5;38,33;5;0,05952381;80;3200;640;10
P108_F12_C4;108;102;2;5;4,5;38,33;4;0,047619048;80;3200;640;10
P108_F12_C5;108;102;2;5;4,5;38,33;3;0,035714286;80;3200;640;10
P108_F12_C6;108;102;2;5;4,5;38,33;2;0,023809524;80;3200;640;10
P108_F12_C7;108;102;2;5;4,5;38,33;1;0,011904762;80;3200;640;10
P110_F01_C1;110;102;2;5;4,5;38,33;0;0;80;3200;640;10
P110_F01_C2;110;105;2;5;4,5;38,33;124;1;80;3200;640;10
P110_F01_C3;110;105;2;5;4,5;38,33;123;0,991935484;80;3200;640;10
P110_F01_C4;110;105;2;5;4,5;38,33;122;0,983870968;80;3200;640;10
P110_F01_C5;110;105;2;5;4,5;38,33;121;0,975806452;80;3200;640;10
P110_F01_C6;110;105;2;5;4,5;38,33;120;0,967741935;80;3200;640;10
P110_F01_C7;110;105;2;5;4,5;38,33;119;0,959677419;80;3200;640;10
P110_F02_C1;110;105;2;5;4,5;38,33;118;0,951612903;80;3200;640;10
P110_F02_C2;110;105;2;5;4,5;38,33;117;0,943548387;80;3200;640;10
P110_F02_C3;110;105;2;5;4,5;38,33;116;0,935483871;80;3200;640;10
P110_F02_C4;110;105;2;5;4,5;38,33;115;0,927419355;80;3200;640;10
P110_F02_C5;110;105;2;5;4,5;38,33;114;0,919354839;80;3200;640;10
P110_F02_C6;110;105;2;5;4,5;38,33;113;0,911290323;80;3200;640;10
P110_F02_C7;110;105;2;5;4,5;38,33;112;0,903225806;80;3200;640;10
P110_F03_C1;110;105;2;5;4,5;38,33;111;0,89516129;80;3200;640;10
P110_F03_C2;110;105;2;5;4,5;38,33;110;0,887096774;80;3200;640;10
P110_F03_C3;110;105;2;5;4,5;38,33;109;0,879032258;80;3200;640;10
P110_F03_C4;110;105;2;5;4,5;38,33;108;0,870967742;80;3200;640;10
P110_F03_C5;110;105;2;5;4,5;38,33;107;0,862903226;80;3200;640;10
P110_F03_C6;110;105;2;5;4,5;38,33;106;0,85483871;80;3200;640;10
P110_F03_C7;110;105;2;5;4,5;38,33;105;0,846774194;80;3200;640;10
P110_F04_C1;110;105;2;5;4,5;38,33;104;0,838709677;80;3200;640;10
P110_F04_C2;110;105;2;5;4,5;38,33;103;0,830645161;80;3200;640;10
P110_F04_C3;110;105;2;5;4,5;38,33;102;0,822580645;80;3200;640;10
P110_F04_C4;110;105;2;5;4,5;38,33;101;0,814516129;80;3200;640;10
P110_F04_C5;110;105;2;5;4,5;38,33;100;0,806451613;80;3200;640;10
P110_F04_C6;110;105;2;5;4,5;38,33;99;0,798387097;80;3200;640;10
P110_F04_C7;110;105;2;5;4,5;38,33;98;0,790322581;80;3200;640;10
P110_F05_C1;110;105;2;5;4,5;38,33;97;0,782258065;80;3200;640;10
P110_F05_C2;110;105;2;5;4,5;38,33;96;0,774193548;80;3200;640;10
P110_F05_C3;110;105;2;5;4,5;38,33;95;0,766129032;80;3200;640;10
P110_F05_C5;110;105;2;5;4,5;38,33;94;0,758064516;80;3200;640;10
P110_F05_C6;110;105;2;5;4,5;38,33;93;0,75;80;3200;640;10
P110_F05_C7;110;105;2;5;4,5;38,33;92;0,741935484;80;3200;640;10
P110_F06_C1;110;105;2;5;4,5;38,33;91;0,733870968;80;3200;640;10
P110_F06_C2;110;105;2;5;4,5;38,33;90;0,725806452;80;3200;640;10
P110_F06_C3;110;105;2;5;4,5;38,33;89;0,717741935;80;3200;640;10
P110_F06_C4;110;105;2;5;4,5;38,33;88;0,709677419;80;3200;640;10
P110_F06_C5;110;105;2;5;4,5;38,33;87;0,701612903;80;3200;640;10
P110_F06_C6;110;105;2;5;4,5;38,33;86;0,693548387;80;3200;640;10
P110_F06_C7;110;105;2;5;4,5;38,33;85;0,685483871;80;3200;640;10
P110_F07_C1;110;105;2;5;4,5;38,33;84;0,677419355;80;3200;640;10
P110_F07_C2;110;105;2;5;4,5;38,33;83;0,669354839;80;3200;640;10
P110_F07_C3;110;105;2;5;4,5;38,33;82;0,661290323;80;3200;640;10
P110_F07_C4;110;105;2;5;4,5;38,33;81;0,653225806;80;3200;640;10
P110_F07_C5;110;105;2;5;4,5;38,33;80;0,64516129;80;3200;640;10
P110_F07_C6;110;105;2;5;4,5;38,33;79;0,637096774;80;3200;640;10
P110_F07_C7;110;105;2;5;4,5;38,33;78;0,629032258;80;3200;640;10
P110_F08_C1;110;105;2;5;4,5;38,33;77;0,620967742;80;3200;640;10
P110_F08_C2;110;105;2;5;4,5;38,33;76;0,612903226;80;3200;640;10
P110_F08_C3;110;105;2;5;4,5;38,33;75;0,60483871;80;3200;640;10
P110_F08_C4;110;105;2;5;4,5;38,33;74;0,596774194;80;3200;640;10
P110_F08_C5;110;105;2;5;4,5;38,33;73;0,588709677;80;3200;640;10
P110_F08_C6;110;105;2;5;4,5;38,33;72;0,580645161;80;3200;640;10
P110_F08_C7;110;105;2;5;4,5;38,33;71;0,572580645;80;3200;640;10
P110_F09_C1;110;105;2;5;4,5;38,33;70;0,564516129;80;3200;640;10
P110_F09_C2;110;105;2;5;4,5;38,33;69;0,556451613;80;3200;640;10
P110_F09_C3;110;105;2;5;4,5;38,33;68;0,548387097;80;3200;640;10
P110_F09_C4;110;105;2;5;4,5;38,33;67;0,540322581;80;3200;640;10
P110_F09_C5;110;105;2;5;4,5;38,33;66;0,532258065;80;3200;640;10
P110_F09_C6;110;105;2;5;4,5;38,33;65;0,524193548;80;3200;640;10
P110_F09_C7;110;105;2;5;4,5;38,33;64;0,516129032;80;3200;640;10
P110_F10_C1;110;105;2;5;4,5;38,33;63;0,508064516;80;3200;640;10
P110_F10_C2;110;105;2;5;4,5;38,33;62;0,5;80;3200;640;10
P110_F10_C3;110;105;2;5;4,5;38,33;61;0,491935484;80;3200;640;10
P110_F10_C4;110;105;2;5;4,5;38,33;60;0,483870968;80;3200;640;10
P110_F10_C5;110;105;2;5;4,5;38,33;59;0,475806452;80;3200;640;10
P110_F10_C6;110;105;2;5;4,5;38,33;58;0,467741935;80;3200;640;10
P110_F10_C7;110;105;2;5;4,5;38,33;57;0,459677419;80;3200;640;10
P110_F11_C1;110;105;2;5;4,5;38,33;56;0,451612903;80;3200;640;10
P110_F11_C2;110;105;2;5;4,5;38,33;55;0,443548387;80;3200;640;10
P110_F11_C3;110;105;2;5;4,5;38,33;54;0,435483871;80;3200;640;10
P110_F11_C4;110;105;2;5;4,5;38,33;53;0,427419355;80;3200;640;10
P110_F11_C5;110;105;2;5;4,5;38,33;52;0,419354839;80;3200;640;10
P110_F11_C6;110;105;2;5;4,5;38,33;51;0,411290323;80;3200;640;10
P110_F11_C7;110;105;2;5;4,5;38,33;50;0,403225806;80;3200;640;10
P110_F12_C1;110;105;2;5;4,5;38,33;49;0,39516129;80;3200;640;10
P110_F12_C2;110;105;2;5;4,5;38,33;48;0,387096774;80;3200;640;10
P110_F12_C3;110;105;2;5;4,5;38,33;47;0,379032258;80;3200;640;10
P110_F12_C4;110;105;2;5;4,5;38,33;46;0,370967742;80;3200;640;10
P110_F12_C5;110;105;2;5;4,5;38,33;45;0,362903226;80;3200;640;10
P110_F12_C6;110;105;2;5;4,5;38,33;44;0,35483871;80;3200;640;10
P110_F12_C7;110;105;2;5;4,5;38,33;43;0,346774194;80;3200;640;10
P112_F01_C1;112;10;1;10;4,5;37,33;14;1;160;3200;640;10
P112_F01_C2;112;10;1;10;4,5;37,33;13;0,928571429;160;3200;640;10
P112_F01_C3;112;10;1;10;4,5;37,33;12;0,857142857;160;3200;640;10
P112_F01_C4;112;10;1;10;4,5;37,33;11;0,785714286;160;3200;640;10
P112_F01_C5;112;10;1;10;4,5;37,33;10;0,714285714;160;3200;640;10
P112_F01_C6;112;10;1;10;4,5;37,33;9;0,642857143;160;3200;640;10
P112_F01_C7;112;10;1;10;4,5;37,33;8;0,571428571;160;3200;640;10
P112_F02_C1;112;10;1;10;4,5;37,33;7;0,5;160;3200;640;10
P112_F02_C2;112;10;1;10;4,5;37,33;6;0,428571429;160;3200;640;10
P112_F02_C3;112;10;1;10;4,5;37,33;5;0,357142857;160;3200;640;10
P112_F02_C4;112;10;1;10;4,5;37,33;4;0,285714286;160;3200;640;10
P112_F02_C5;112;10;1;10;4,5;37,33;3;0,214285714;160;3200;640;10
P112_F02_C6;112;10;1;10;4,5;37,33;2;0,142857143;160;3200;640;10
P112_F02_C7;112;10;1;10;4,5;37,33;1;0,071428571;160;3200;640;10
P112_F03_C1;112;10;1;10;4,5;37,33;0;0;160;3200;640;10
P114_F01_C1;114;11;1;10;4,5;37,17;0;0;160;3200;640;10
P119_F01_C1;119;105;2;5;4,5;38,5;42;0,338709677;80;3200;640;10
P119_F01_C2;119;105;2;5;4,5;38,5;41;0,330645161;80;3200;640;10
P119_F01_C3;119;105;2;5;4,5;38,5;40;0,322580645;80;3200;640;10
P119_F01_C4;119;105;2;5;4,5;38,5;39;0,314516129;80;3200;640;10
P119_F01_C5;119;105;2;5;4,5;38,5;38;0,306451613;80;3200;640;10
P119_F01_C6;119;105;2;5;4,5;38,5;37;0,298387097;80;3200;640;10
P119_F01_C7;119;105;2;5;4,5;38,5;36;0,290322581;80;3200;640;10
P119_F02_C1;119;105;2;5;4,5;38,5;35;0,282258065;80;3200;640;10
P119_F02_C2;119;105;2;5;4,5;38,5;34;0,274193548;80;3200;640;10
P119_F02_C3;119;105;2;5;4,5;38,5;33;0,266129032;80;3200;640;10
P119_F02_C4;119;105;2;5;4,5;38,5;32;0,258064516;80;3200;640;10
P119_F02_C5;119;105;2;5;4,5;38,5;31;0,25;80;3200;640;10
P119_F02_C6;119;105;2;5;4,5;38,5;30;0,241935484;80;3200;640;10
P119_F02_C7;119;105;2;5;4,5;38,5;29;0,233870968;80;3200;640;10
P119_F03_C1;119;105;2;5;4,5;38,5;28;0,225806452;80;3200;640;10
P119_F03_C2;119;105;2;5;4,5;38,5;27;0,217741935;80;3200;640;10
P119_F03_C3;119;105;2;5;4,5;38,5;26;0,209677419;80;3200;640;10
P119_F03_C4;119;105;2;5;4,5;38,5;25;0,201612903;80;3200;640;10
P119_F03_C5;119;105;2;5;4,5;38,5;24;0,193548387;80;3200;640;10
P119_F03_C6;119;105;2;5;4,5;38,5;23;0,185483871;80;3200;640;10
P119_F03_C7;119;105;2;5;4,5;38,5;22;0,177419355;80;3200;640;10
P119_F04_C1;119;105;2;5;4,5;38,5;21;0,169354839;80;3200;640;10
P119_F04_C2;119;105;2;5;4,5;38,5;20;0,161290323;80;3200;640;10
P119_F04_C3;119;105;2;5;4,5;38,5;19;0,153225806;80;3200;640;10
P119_F04_C4;119;105;2;5;4,5;38,5;18;0,14516129;80;3200;640;10
P119_F04_C5;119;105;2;5;4,5;38,5;17;0,137096774;80;3200;640;10
P119_F04_C6;119;105;2;5;4,5;38,5;16;0,129032258;80;3200;640;10
P119_F04_C7;119;105;2;5;4,5;38,5;15;0,120967742;80;3200;640;10
P119_F05_C1;119;105;2;5;4,5;38,5;14;0,112903226;80;3200;640;10
P119_F05_C2;119;105;2;5;4,5;38,5;13;0,10483871;80;3200;640;10
P119_F05_C3;119;105;2;5;4,5;38,5;12;0,096774194;80;3200;640;10
P119_F05_C4;119;105;2;5;4,5;38,5;11;0,088709677;80;3200;640;10
P119_F05_C5;119;105;2;5;4,5;38,5;10;0,080645161;80;3200;640;10
P119_F05_C6;119;105;2;5;4,5;38,5;9;0,072580645;80;3200;640;10
P119_F05_C7;119;105;2;5;4,5;38,5;8;0,064516129;80;3200;640;10
P119_F06_C1;119;105;2;5;4,5;38,5;7;0,056451613;80;3200;640;10
P119_F06_C2;119;105;2;5;4,5;38,5;6;0,048387097;80;3200;640;10
P119_F06_C3;119;105;2;5;4,5;38,5;5;0,040322581;80;3200;640;10
P119_F06_C4;119;105;2;5;4,5;38,5;4;0,032258065;80;3200;640;10
P119_F06_C5;119;105;2;5;4,5;38,5;3;0,024193548;80;3200;640;10
P119_F06_C6;119;105;2;5;4,5;38,5;2;0,016129032;80;3200;640;10
P119_F06_C7;119;105;2;5;4,5;38,5;1;0,008064516;80;3200;640;10
P119_F07_C1;119;105;2;5;4,5;38,5;0;0;80;3200;640;10